{"(0,2,0)":{"timers":{"(15,5,0)":{"elapsed":0.0,"timeout":1.0},"(15,6,10)":{"elapsed":0.0,"timeout":1.0},"(15,6,6)":{"elapsed":0.0,"timeout":1.0}}},"(0,2,1)":{"timers":{"(10,5,15)":{"elapsed":0.0,"timeout":1.0},"(12,4,10)":{"elapsed":0.0,"timeout":1.0}}},"(0,2,2)":{"timers":{"(10,4,11)":{"elapsed":0.0,"timeout":1.0}}},"(1,2,0)":{"timers":{"(10,5,15)":{"elapsed":0.0,"timeout":1.0},"(12,12,3)":{"elapsed":0.0,"timeout":1.0},"(12,12,7)":{"elapsed":0.0,"timeout":1.0},"(12,5,11)":{"elapsed":0.0,"timeout":1.0},"(13,12,7)":{"elapsed":0.0,"timeout":1.0},"(13,5,0)":{"elapsed":0.0,"timeout":1.0},"(13,5,6)":{"elapsed":0.0,"timeout":1.0},"(14,12,7)":{"elapsed":0.0,"timeout":1.0},"(15,11,1)":{"elapsed":0.0,"timeout":1.0},"(15,12,3)":{"elapsed":0.0,"timeout":1.0},"(3,5,0)":{"elapsed":0.0,"timeout":1.0},"(3,6,10)":{"elapsed":0.0,"timeout":1.0},"(3,6,6)":{"elapsed":0.0,"timeout":1.0},"(9,12,3)":{"elapsed":0.0,"timeout":1.0},"(9,5,11)":{"elapsed":0.0,"timeout":1.0}}},"(1,2,1)":{"timers":{"(0,5,2)":{"elapsed":0.0,"timeout":1.0},"(1,4,10)":{"elapsed":0.0,"timeout":1.0},"(10,5,3)":{"elapsed":0.0,"timeout":1.0},"(13,5,1)":{"elapsed":0.0,"timeout":1.0},"(4,4,14)":{"elapsed":0.0,"timeout":1.0},"(4,5,1)":{"elapsed":0.0,"timeout":1.0},"(4,5,4)":{"elapsed":0.0,"timeout":1.0}}},"(1,2,2)":{"timers":{"(0,4,10)":{"elapsed":0.0,"timeout":1.0},"(14,4,7)":{"elapsed":0.0,"timeout":1.0},"(8,4,8)":{"elapsed":0.0,"timeout":1.0}}},"(2,2,0)":{"timers":{"(0,12,7)":{"elapsed":0.0,"timeout":1.0},"(1,12,7)":{"elapsed":0.0,"timeout":1.0},"(1,5,0)":{"elapsed":0.0,"timeout":1.0},"(1,5,11)":{"elapsed":0.0,"timeout":1.0},"(1,5,15)":{"elapsed":0.0,"timeout":1.0},"(1,5,6)":{"elapsed":0.0,"timeout":1.0},"(2,11,1)":{"elapsed":0.0,"timeout":1.0},"(2,12,3)":{"elapsed":0.0,"timeout":1.0},"(2,12,7)":{"elapsed":0.0,"timeout":1.0},"(6,5,11)":{"elapsed":0.0,"timeout":1.0},"(7,5,15)":{"elapsed":0.0,"timeout":1.0},"(7,5,5)":{"elapsed":0.0,"timeout":1.0},"(9,2,1)":{"elapsed":0.0,"timeout":1.0}}},"(2,2,1)":{"timers":{"(1,5,3)":{"elapsed":0.0,"timeout":1.0},"(7,5,3)":{"elapsed":0.0,"timeout":1.0}}},"(2,2,2)":{"timers":{"(10,4,7)":{"elapsed":0.0,"timeout":1.0},"(15,4,7)":{"elapsed":0.0,"timeout":1.0}}}}