{"(0,2,4)":{"timers":{"(15,5,7)":{"elapsed":0.0,"timeout":1.0}}},"(1,2,4)":{"timers":{"(1,10,10)":{"elapsed":0.0,"timeout":1.0},"(11,5,3)":{"elapsed":0.0,"timeout":1.0},"(13,5,11)":{"elapsed":0.0,"timeout":1.0},"(14,5,4)":{"elapsed":0.0,"timeout":1.0},"(15,11,12)":{"elapsed":0.0,"timeout":1.0},"(3,4,5)":{"elapsed":0.0,"timeout":1.0},"(3,4,6)":{"elapsed":0.0,"timeout":1.0},"(7,2,14)":{"elapsed":0.0,"timeout":1.0},"(7,4,9)":{"elapsed":0.0,"timeout":1.0},"(9,12,12)":{"elapsed":0.0,"timeout":1.0}}},"(2,2,4)":{"timers":{"(1,5,11)":{"elapsed":0.0,"timeout":1.0},"(1,5,3)":{"elapsed":0.0,"timeout":1.0},"(13,6,10)":{"elapsed":0.0,"timeout":1.0},"(13,6,4)":{"elapsed":0.0,"timeout":1.0},"(2,11,12)":{"elapsed":0.0,"timeout":1.0},"(7,5,11)":{"elapsed":0.0,"timeout":1.0},"(7,5,3)":{"elapsed":0.0,"timeout":1.0},"(7,5,7)":{"elapsed":0.0,"timeout":1.0}}},"(3,2,4)":{"timers":{"(1,6,4)":{"elapsed":0.0,"timeout":1.0},"(2,6,10)":{"elapsed":0.0,"timeout":1.0}}}}